{"ID":"1","Name":"fff","Kind":3,"Money":3353,"Level":1,"Exp":90,"Hp":0.0,"HpMax":100.0,"Mp":100.0,"MpMax":100.0,"Atk":10.0,"Def":0.0,"MapNumber":4,"MapPosition":{"x":105.89972686767578,"y":52.970428466796878,"z":69.13497924804688},"EquipWeaponItem":1,"EquipArmorItem":17,"EquipShieldItem":9,"EquipHpPotion":-1,"EquipMpPotion":-1,"ClearQuest":"0000000000000000000000000000000000000000000000000000000000000000000000000000000000000000000000000000","ClearEvent":"0000000000000000000000000000000000000000000000000010000000000000000000000000000000000000000000000000","ItemList":[],"QuestList":[{"QuestID":2,"TargetNowCount":0},{"QuestID":1,"TargetNowCount":0},{"QuestID":3,"TargetNowCount":0}]}