{"ID":"name","Name":"haha","Kind":4,"Money":324406,"Level":6,"Exp":350,"Hp":90.0,"HpMax":90.0,"Mp":90.0,"MpMax":90.0,"Atk":30.0,"Def":0.0,"MapNumber":5,"MapPosition":{"x":174.91664123535157,"y":0.0,"z":32.97292709350586},"EquipWeaponItem":1,"EquipArmorItem":-1,"EquipShieldItem":9,"EquipHpPotion":-1,"EquipMpPotion":-1,"ClearQuest":"0111000000000000000000000000000000000000000000000011000000000000000000000000000000000000000000000000","ClearEvent":"0111000000000000000000000000000000000000000000000000000000000000000000000000000000000000000000000000","ItemList":[{"ItemID":27,"ItemCount":3,"InventoryNum":8},{"ItemID":17,"ItemCount":1,"InventoryNum":10},{"ItemID":19,"ItemCount":1,"InventoryNum":11}],"QuestList":[]}