{"ID":"name","Name":"이름스","Kind":4,"Money":2358,"Level":1,"Exp":50,"Hp":60.0,"HpMax":100.0,"Mp":100.0,"MpMax":100.0,"Atk":10.0,"Def":0.0,"MapNumber":4,"MapPosition":{"x":91.25963592529297,"y":52.97224807739258,"z":68.92060089111328},"EquipWeaponItem":1,"EquipArmorItem":17,"EquipShieldItem":9,"EquipHpPotion":-1,"EquipMpPotion":-1,"ClearQuest":"00000000000000000000000000000000000000000000000000100000000000000000000000000000000000000000000000000","ClearEvent":"00000000000000000000000000000000000000000000000000000000000000000000000000000000000000000000000000000","ItemList":[{"ItemID":29,"ItemCount":2,"InventoryNum":0}],"QuestList":[{"QuestID":51,"TargetNowCount":1}]}